Distance_km,Weather,Traffic_Level,Time_of_Day,Vehicle_Type,Preparation_Time_min,Courier_Experience_yrs,Delivery_Time_min
7.93,Windy,Low,Afternoon,Scooter,12,1.0,43
16.42,Clear,Medium,Evening,Bike,20,2.0,84
9.52,Foggy,Low,Night,Scooter,28,1.0,59
7.44,Rainy,Medium,Afternoon,Scooter,5,1.0,37
19.03,Clear,Low,Morning,Bike,16,5.0,68
19.4,Clear,Low,Evening,Scooter,8,9.0,57
9.52,Clear,Low,Morning,Bike,12,1.0,49
17.39,Clear,Medium,Evening,Scooter,5,6.0,46
1.78,Snowy,Low,Evening,Car,20,6.0,35
10.62,Foggy,Low,Evening,Scooter,29,1.0,73
16.86,Snowy,Medium,Afternoon,Car,13,4.0,88
15.54,Clear,Low,Night,Bike,29,1.0,76
10.89,Clear,High,Night,Bike,12,5.0,53
4.69,Rainy,Medium,Evening,Scooter,12,7.0,36
2.8,Clear,High,Morning,Scooter,10,5.0,33
2.17,Snowy,Low,Evening,Car,15,3.0,35
17.86,Rainy,Low,Afternoon,Bike,5,1.0,50
2.53,Snowy,Low,Morning,Bike,6,8.0,24
6.58,Foggy,Low,Evening,Car,6,7.0,27
5.38,Clear,Medium,Evening,Scooter,26,1.0,47
15.56,Rainy,Low,Afternoon,Scooter,28,0.0,72
13.08,Rainy,Low,Morning,Car,16,4.0,58
0.86,Clear,High,Afternoon,Bike,26,5.0,37
5.83,Clear,High,Evening,Car,27,9.0,56
11.2,Clear,Medium,Morning,Bike,23,5.0,73
14.59,Clear,Medium,Morning,Bike,15,6.0,64
12.91,Windy,Medium,Evening,Bike,11,6.0,56
13.92,Snowy,Low,Morning,Scooter,18,4.0,70
4.04,Snowy,Low,Night,Bike,11,9.0,70
18.05,Clear,Medium,Evening,Scooter,10,7.0,123
12.88,Clear,Medium,Morning,Scooter,8,5.0,52
19.45,Rainy,High,Morning,Scooter,20,6.0,108
4.58,Clear,High,Morning,Scooter,22,9.0,45
19.73,Foggy,Medium,Evening,Bike,27,4.0,111
2.47,Windy,Medium,Morning,Bike,27,2.0,44
17.8,Snowy,Medium,Morning,Bike,16,9.0,73
5.96,Clear,Medium,Afternoon,Bike,22,7.0,45
12.85,Windy,Medium,Afternoon,Scooter,18,7.0,61
1.02,Clear,Medium,Afternoon,Bike,25,4.0,34
6.84,Rainy,Medium,Night,Car,14,8.0,47
8.68,Rainy,Medium,Morning,Bike,8,5.0,52
10.69,Clear,Medium,Night,Bike,25,9.0,67
0.99,Clear,Medium,Evening,Bike,15,5.0,32
1.11,Clear,Low,Morning,Bike,5,6.0,8
2.16,Snowy,Low,Evening,Scooter,15,0.0,36
13.17,Windy,Medium,Afternoon,Bike,16,4.0,67
8.79,Snowy,Low,Night,Bike,14,6.0,43
5.93,Clear,Low,Afternoon,Scooter,19,3.0,36
2.09,Rainy,Low,Night,Bike,23,2.0,36
7.57,Clear,Low,Morning,Bike,21,0.0,56
10.52,Rainy,Medium,Afternoon,Scooter,8,4.0,56
4.83,Rainy,Low,Morning,Car,25,9.0,47
19.81,Snowy,Medium,Afternoon,Car,20,5.0,104
10.1,Rainy,Low,Evening,Car,8,4.0,50
7.64,Windy,Low,Afternoon,Car,10,8.0,31
12.35,Clear,Low,Morning,Scooter,10,6.0,35
5.9,Rainy,Low,Evening,Car,26,9.0,44
0.9,Clear,Low,Afternoon,Bike,20,8.0,23
11.58,Clear,Medium,Morning,Scooter,16,2.0,61
16.16,Clear,High,Afternoon,Bike,11,1.0,82
15.51,Clear,Low,Evening,Bike,17,9.0,69
12.16,Windy,High,Evening,Scooter,11,0.0,69
4.96,Rainy,High,Morning,Bike,21,0.0,60
3.64,Windy,High,Evening,Bike,17,6.0,40
2.85,Clear,Low,Morning,Scooter,26,0.0,38
10.4,Clear,Low,Evening,Bike,16,4.0,52
12.31,Windy,Low,Morning,Bike,29,4.0,68
3.53,Clear,Medium,Afternoon,Bike,13,7.0,31
15.56,Clear,Medium,Evening,Bike,14,3.0,54
13.6,Clear,Medium,Afternoon,Bike,27,0.0,87
15.23,Snowy,High,Morning,Bike,5,0.0,62
4.17,Clear,Low,Evening,Scooter,5,1.0,22
3.21,Rainy,High,Night,Scooter,16,0.0,42
6.38,Snowy,Low,Evening,Bike,16,1.0,111
16.54,Rainy,Low,Afternoon,Scooter,6,7.0,51
12.02,Clear,Low,Morning,Car,9,7.0,41
11.94,Clear,Low,Evening,Bike,20,3.0,69
9.08,Clear,Low,Afternoon,Scooter,14,5.0,49
3.46,Snowy,Medium,Morning,Scooter,23,3.0,48
6.8,Foggy,Medium,Morning,Scooter,13,7.0,46
17.38,Rainy,Medium,Afternoon,Scooter,11,2.0,92
3.25,Clear,Low,Morning,Bike,23,7.0,32
10.28,Clear,Medium,Evening,Scooter,29,3.0,71
16.14,Clear,Low,Night,Car,6,9.0,65
3.55,Clear,Medium,Evening,Bike,23,0.0,43
10.65,Clear,Medium,Afternoon,Scooter,23,8.0,58
19.03,Clear,Low,Afternoon,Car,26,5.0,68
7.3,Clear,Low,Night,Scooter,14,7.0,28
7.03,Clear,Low,Evening,Scooter,21,1.0,44
12.43,Snowy,Low,Afternoon,Car,12,0.0,70
12.76,Windy,High,Morning,Scooter,27,5.0,74
11.39,Rainy,High,Evening,Scooter,14,1.0,72
19.41,Clear,Low,Morning,Car,7,3.0,48
13.17,Rainy,High,Evening,Scooter,17,8.0,69
8.32,Rainy,Low,Afternoon,Car,12,2.0,49
1.92,Clear,Low,Morning,Bike,8,7.0,14
1.15,Clear,Low,Afternoon,Scooter,26,4.0,30
17.8,Windy,High,Afternoon,Car,12,9.0,73
7.46,Clear,Medium,Evening,Bike,8,5.0,42
7.25,Clear,Medium,Afternoon,Scooter,18,4.0,45
16.7,Clear,Medium,Afternoon,Scooter,28,1.0,76
17.2,Rainy,High,Afternoon,Scooter,14,2.0,94
0.86,Clear,Medium,Afternoon,Car,21,7.0,28
18.76,Clear,Medium,Evening,Car,15,2.0,80
9.22,Clear,Medium,Afternoon,Car,18,9.0,57
2.84,Clear,Low,Evening,Scooter,24,2.0,35
17.59,Clear,Low,Morning,Bike,24,6.0,69
14.89,Snowy,High,Morning,Scooter,17,6.0,87
1.3,Clear,Medium,Evening,Bike,22,4.0,31
18.99,Rainy,High,Afternoon,Bike,10,6.0,70
1.6,Foggy,Low,Night,Scooter,24,5.0,37
8.26,Snowy,Low,Afternoon,Bike,15,1.0,57
10.16,Clear,High,Night,Bike,12,5.0,52
12.03,Clear,Medium,Morning,Car,20,5.0,65
14.73,Rainy,Low,Afternoon,Bike,24,6.0,74
12.56,Clear,High,Evening,Bike,17,5.0,69
5.53,Clear,Medium,Afternoon,Bike,19,1.0,44
10.18,Foggy,Medium,Morning,Bike,25,3.0,73
15.5,Clear,Medium,Morning,Scooter,28,9.0,91
2.98,Foggy,Medium,Night,Bike,11,2.0,27
16.69,Foggy,Medium,Evening,Scooter,8,2.0,65
11.22,Windy,High,Evening,Bike,25,5.0,79
8.53,Clear,Low,Evening,Scooter,8,2.0,41
12.49,Clear,Medium,Morning,Bike,25,4.0,77
0.97,Clear,Low,Night,Scooter,24,8.0,26
12.6,Windy,Medium,Afternoon,Car,8,6.0,58
6.91,Clear,Medium,Evening,Scooter,28,9.0,56
18.97,Clear,Low,Evening,Car,25,4.0,141
4.05,Clear,Medium,Evening,Bike,20,5.0,44
14.29,Windy,Medium,Morning,Bike,14,7.0,78
1.3,Foggy,Low,Evening,Bike,19,5.0,29
12.11,Rainy,Low,Morning,Bike,9,5.0,59
14.94,Clear,Medium,Morning,Bike,11,0.0,62
2.29,Rainy,High,Afternoon,Car,8,8.0,80
17.36,Rainy,High,Afternoon,Bike,24,1.0,105
18.48,Clear,Medium,Night,Bike,8,0.0,82
16.25,Foggy,High,Morning,Bike,10,5.0,91
5.13,Clear,Low,Morning,Car,15,4.0,30
15.81,Clear,Low,Morning,Car,25,1.0,92
0.61,Clear,Low,Afternoon,Scooter,10,0.0,16
5.55,Foggy,High,Evening,Bike,18,1.0,116
19.35,Clear,High,Morning,Bike,12,7.0,75
4.03,Clear,Medium,Evening,Bike,9,5.0,25
7.09,Snowy,Low,Morning,Scooter,13,8.0,37
8.25,Clear,Medium,Afternoon,Bike,7,9.0,28
11.26,Clear,Low,Night,Bike,5,6.0,49
19.7,Rainy,Low,Evening,Bike,10,2.0,60
0.8,Snowy,High,Evening,Bike,14,9.0,36
7.0,Rainy,Medium,Evening,Bike,17,9.0,49
14.43,Clear,Medium,Morning,Car,14,4.0,113
6.89,Rainy,Medium,Afternoon,Bike,11,6.0,43
5.13,Foggy,Medium,Evening,Car,25,1.0,60
1.5,Clear,Low,Afternoon,Bike,10,1.0,17
2.78,Clear,High,Afternoon,Scooter,9,0.0,41
11.31,Clear,Medium,Evening,Bike,7,0.0,54
15.05,Clear,Medium,Evening,Car,12,2.0,66
5.78,Foggy,Low,Afternoon,Scooter,9,9.0,33
11.83,Clear,Low,Evening,Scooter,9,7.0,32
8.08,Foggy,Low,Morning,Bike,25,2.0,61
16.1,Clear,Low,Evening,Bike,25,0.0,64
9.74,Rainy,Medium,Evening,Scooter,7,8.0,37
17.6,Clear,Low,Afternoon,Bike,27,3.0,69
10.22,Snowy,Medium,Night,Bike,18,1.0,68
2.19,Clear,Low,Evening,Bike,26,3.0,32
11.41,Windy,Medium,Afternoon,Scooter,17,4.0,68
4.14,Clear,Medium,Morning,Scooter,14,2.0,30
12.65,Rainy,Low,Afternoon,Bike,18,8.0,60
4.15,Clear,Medium,Morning,Car,17,8.0,46
16.8,Clear,High,Morning,Car,19,4.0,85
9.06,Clear,Medium,Evening,Bike,23,4.0,47
13.04,Clear,Medium,Morning,Scooter,20,6.0,65
10.7,Clear,Medium,Afternoon,Scooter,8,5.0,44
6.15,Foggy,Low,Evening,Scooter,26,5.0,48
16.47,Snowy,High,Evening,Scooter,20,9.0,75
1.39,Clear,Medium,Afternoon,Bike,15,4.0,24
11.14,Rainy,Medium,Morning,Scooter,7,3.0,47
3.81,Rainy,High,Afternoon,Bike,5,6.0,31
2.39,Rainy,Medium,Evening,Bike,27,7.0,43
11.74,Clear,High,Evening,Car,6,3.0,54
8.26,Clear,Low,Morning,Car,21,4.0,80
9.54,Rainy,Medium,Evening,Scooter,11,5.0,47
3.88,Clear,Medium,Morning,Bike,16,2.0,35
0.95,Rainy,Medium,Morning,Car,27,0.0,44
8.59,Clear,Low,Night,Scooter,17,8.0,36
8.59,Clear,Low,Evening,Bike,22,2.0,43
14.21,Clear,Medium,Evening,Bike,24,5.0,58
13.03,Foggy,Low,Morning,Scooter,9,1.0,50
8.03,Clear,Low,Evening,Scooter,14,8.0,42
13.2,Snowy,Low,Morning,Car,14,3.0,62
12.67,Clear,Medium,Evening,Car,10,3.0,65
17.54,Clear,Medium,Morning,Car,16,8.0,54
9.32,Clear,Low,Morning,Scooter,6,5.0,30
6.03,Rainy,High,Afternoon,Car,8,6.0,46
15.71,Clear,Low,Afternoon,Scooter,28,5.0,69
4.87,Snowy,High,Evening,Bike,16,7.0,54
18.15,Rainy,High,Morning,Bike,22,7.0,108
0.78,Clear,Medium,Morning,Bike,6,1.0,17
0.6,Clear,Low,Afternoon,Bike,26,3.0,30
2.09,Clear,Medium,Evening,Bike,5,5.0,16
7.49,Clear,Medium,Morning,Scooter,13,9.0,45
1.41,Foggy,Medium,Evening,Bike,15,0.0,72
18.92,Clear,High,Morning,Scooter,27,4.0,100
12.41,Clear,Medium,Morning,Car,10,1.0,51
1.06,Clear,Low,Afternoon,Scooter,19,6.0,21
18.34,Clear,High,Night,Bike,9,4.0,92
13.52,Clear,Low,Morning,Scooter,27,1.0,82
16.79,Foggy,High,Afternoon,Bike,24,6.0,85
15.39,Clear,Medium,Evening,Scooter,24,5.0,89
7.39,Rainy,Medium,Morning,Scooter,25,6.0,60
10.98,Rainy,Low,Morning,Scooter,10,6.0,55
11.08,Snowy,Medium,Morning,Bike,9,0.0,57
5.41,Clear,Medium,Night,Bike,14,5.0,36
0.94,Clear,High,Morning,Bike,9,6.0,21
7.27,Windy,Low,Afternoon,Bike,10,5.0,35
2.99,Windy,Medium,Morning,Bike,27,5.0,41
15.28,Snowy,Low,Evening,Bike,16,5.0,72
2.48,Windy,Medium,Afternoon,Car,14,6.0,27
17.13,Rainy,Low,Evening,Car,19,1.0,71
7.17,Clear,Low,Afternoon,Bike,15,7.0,32
5.47,Rainy,Low,Morning,Car,21,6.0,38
19.53,Foggy,Low,Afternoon,Bike,11,6.0,87
7.5,Clear,High,Morning,Bike,29,1.0,66
5.61,Windy,Low,Night,Bike,25,9.0,48
4.1,Clear,Low,Morning,Bike,21,3.0,37
6.22,Rainy,Medium,Morning,Bike,15,0.0,49
14.77,Clear,High,Morning,Scooter,11,6.0,67
12.55,Windy,Low,Evening,Bike,13,8.0,51
10.31,Foggy,Medium,Morning,Scooter,19,5.0,62
8.72,Snowy,Medium,Evening,Car,18,7.0,64
17.07,Clear,Medium,Morning,Bike,20,6.0,73
8.27,Clear,High,Afternoon,Scooter,13,5.0,58
7.54,Snowy,Low,Afternoon,Bike,20,5.0,55
14.07,Clear,High,Afternoon,Bike,5,8.0,67
19.02,Clear,Medium,Afternoon,Bike,29,9.0,87
19.0,Clear,High,Morning,Car,28,3.0,96
3.83,Rainy,Medium,Afternoon,Bike,12,9.0,30
10.3,Clear,Low,Evening,Scooter,19,8.0,48
8.09,Clear,High,Afternoon,Scooter,15,4.0,51
18.06,Clear,Medium,Night,Bike,9,8.0,52
2.76,Windy,Medium,Morning,Scooter,8,5.0,22
12.17,Snowy,Low,Evening,Bike,20,8.0,68
12.33,Clear,Medium,Evening,Bike,22,9.0,75
1.38,Clear,Medium,Evening,Scooter,5,8.0,13
18.49,Clear,Low,Afternoon,Scooter,14,6.0,71
10.57,Snowy,Low,Afternoon,Bike,28,9.0,59
2.0,Clear,High,Evening,Scooter,10,2.0,30
3.29,Clear,Medium,Afternoon,Scooter,17,4.0,32
1.94,Rainy,Medium,Morning,Bike,16,0.0,35
6.56,Windy,Medium,Morning,Bike,14,1.0,47
9.58,Clear,High,Afternoon,Car,26,8.0,60
6.95,Clear,Medium,Morning,Scooter,25,2.0,58
14.05,Clear,High,Morning,Scooter,19,0.0,72
18.97,Rainy,High,Night,Bike,20,8.0,108
13.53,Rainy,Low,Evening,Bike,28,8.0,78
15.14,Rainy,Medium,Morning,Bike,8,6.0,66
5.96,Clear,Low,Afternoon,Bike,26,6.0,48
3.43,Windy,Medium,Morning,Bike,7,6.0,23
6.24,Clear,Medium,Evening,Bike,15,3.0,52
17.94,Rainy,High,Evening,Scooter,22,6.0,85
3.54,Rainy,Medium,Evening,Bike,10,5.0,32
16.38,Rainy,Medium,Night,Bike,7,5.0,90
7.81,Clear,Low,Evening,Bike,11,4.0,42
8.84,Clear,Medium,Morning,Bike,26,0.0,57
14.09,Clear,Medium,Afternoon,Scooter,12,3.0,55
11.92,Clear,Low,Afternoon,Scooter,14,4.0,46
17.3,Clear,Low,Evening,Scooter,9,0.0,67
14.08,Clear,High,Morning,Bike,28,6.0,66
2.8,Clear,High,Afternoon,Bike,28,1.0,50
17.96,Clear,Medium,Morning,Bike,22,2.0,76
14.09,Clear,High,Afternoon,Bike,12,6.0,67
9.39,Clear,Low,Morning,Bike,14,2.0,37
17.9,Clear,Low,Morning,Bike,23,5.0,85
4.55,Rainy,Low,Afternoon,Bike,5,6.0,21
6.24,Snowy,Low,Afternoon,Bike,20,4.0,51
16.92,Clear,Low,Morning,Scooter,29,0.0,70
14.31,Clear,Medium,Morning,Bike,9,8.0,47
14.66,Windy,Medium,Morning,Bike,20,2.0,77
2.23,Clear,Low,Morning,Bike,7,6.0,14
12.65,Clear,Low,Evening,Bike,15,4.0,66
7.24,Rainy,Medium,Evening,Bike,28,6.0,65
3.01,Clear,Medium,Evening,Bike,14,4.0,26
11.52,Clear,Medium,Morning,Scooter,25,2.0,58
3.95,Clear,Low,Afternoon,Bike,13,5.0,25
1.09,Clear,Medium,Morning,Scooter,6,2.0,17
13.99,Clear,High,Evening,Scooter,7,3.0,96
19.32,Rainy,High,Morning,Car,21,7.0,112
11.72,Rainy,Low,Evening,Bike,11,9.0,42
2.13,Rainy,Low,Morning,Scooter,9,2.0,22
8.17,Clear,Medium,Afternoon,Scooter,20,9.0,44
12.21,Clear,High,Morning,Bike,9,4.0,57
3.17,Clear,Medium,Evening,Scooter,17,6.0,33
18.68,Snowy,Low,Afternoon,Bike,11,8.0,62
10.95,Clear,Medium,Evening,Scooter,24,4.0,55
19.26,Windy,Medium,Morning,Scooter,21,6.0,67
9.44,Rainy,Medium,Evening,Scooter,28,8.0,63
4.86,Foggy,Medium,Evening,Car,25,4.0,52
5.81,Foggy,Low,Afternoon,Bike,25,8.0,51
7.34,Rainy,Low,Evening,Bike,22,8.0,47
17.39,Foggy,Medium,Morning,Bike,25,4.0,100
5.22,Snowy,Low,Evening,Bike,11,9.0,40
12.32,Clear,Medium,Evening,Scooter,17,4.0,71
2.15,Windy,Medium,Afternoon,Car,17,6.0,30
9.36,Rainy,High,Morning,Scooter,17,2.0,65
2.28,Clear,Medium,Evening,Scooter,27,9.0,39
14.54,Clear,Medium,Evening,Bike,29,2.0,73
12.15,Clear,High,Morning,Car,12,6.0,63
1.4,Windy,Low,Evening,Bike,9,9.0,17
3.37,Clear,High,Morning,Bike,9,5.0,28
3.85,Rainy,Medium,Afternoon,Bike,26,3.0,46
9.03,Clear,Low,Morning,Bike,11,5.0,43
17.99,Snowy,Low,Afternoon,Bike,15,3.0,63
16.35,Clear,Medium,Morning,Bike,16,0.0,66
19.61,Clear,High,Evening,Bike,8,6.0,72
16.29,Clear,Low,Morning,Bike,20,1.0,72
7.84,Windy,Low,Afternoon,Bike,6,4.0,28
18.17,Rainy,Low,Afternoon,Car,13,0.0,71
17.89,Windy,Low,Morning,Bike,27,1.0,101
13.34,Clear,Medium,Night,Bike,20,6.0,53
4.43,Foggy,Low,Morning,Scooter,10,1.0,63
13.21,Clear,Medium,Morning,Scooter,12,4.0,63
2.76,Windy,Medium,Night,Bike,6,2.0,27
1.5,Foggy,Medium,Evening,Scooter,15,4.0,32
11.04,Clear,Medium,Afternoon,Scooter,8,2.0,54
1.22,Clear,Medium,Evening,Scooter,6,5.0,14
14.58,Clear,Low,Afternoon,Bike,13,5.0,57
18.26,Rainy,High,Night,Scooter,28,7.0,93
3.88,Foggy,Low,Evening,Car,27,9.0,42
18.07,Clear,High,Afternoon,Scooter,5,2.0,67
12.11,Clear,Medium,Evening,Bike,28,0.0,75
7.08,Clear,Medium,Afternoon,Scooter,5,8.0,27
3.12,Rainy,Low,Evening,Scooter,14,5.0,28
2.03,Foggy,High,Evening,Car,14,4.0,36
1.8,Clear,Medium,Night,Bike,14,1.0,28
5.42,Clear,Low,Evening,Scooter,11,9.0,26
7.8,Clear,Low,Evening,Scooter,23,5.0,52
8.47,Rainy,Low,Afternoon,Scooter,19,0.0,48
6.79,Rainy,Low,Evening,Scooter,16,1.0,39
13.6,Rainy,Medium,Afternoon,Scooter,23,6.0,83
13.06,Rainy,High,Morning,Bike,17,8.0,59
19.93,Snowy,Low,Afternoon,Bike,6,6.0,59
11.3,Snowy,Medium,Afternoon,Bike,15,8.0,70
6.74,Rainy,Medium,Evening,Car,21,9.0,47
10.49,Rainy,Low,Morning,Bike,28,9.0,66
8.83,Clear,Medium,Evening,Scooter,12,3.0,109
7.15,Clear,High,Night,Car,29,7.0,60
15.94,Clear,Low,Evening,Bike,24,2.0,77
11.26,Foggy,High,Afternoon,Bike,14,2.0,70
11.87,Clear,Medium,Morning,Bike,10,6.0,43
2.83,Windy,Medium,Afternoon,Scooter,14,6.0,28
11.74,Clear,Low,Afternoon,Car,20,1.0,52
2.71,Clear,Low,Morning,Scooter,6,1.0,20
10.47,Clear,High,Evening,Scooter,14,7.0,55
4.5,Snowy,High,Evening,Bike,24,0.0,66
19.74,Clear,Low,Morning,Car,21,7.0,71
1.23,Clear,Low,Evening,Bike,18,6.0,21
4.83,Clear,Low,Evening,Bike,11,1.0,29
1.51,Clear,High,Afternoon,Bike,14,2.0,32
1.62,Windy,Low,Evening,Bike,9,8.0,16
11.31,Clear,High,Evening,Bike,20,0.0,67
6.05,Clear,Medium,Morning,Car,24,0.0,48
10.14,Clear,Medium,Morning,Scooter,20,1.0,59
9.45,Clear,Low,Afternoon,Car,13,0.0,49
6.8,Clear,High,Evening,Bike,28,5.0,55
15.65,Clear,Low,Afternoon,Bike,27,0.0,76
2.26,Clear,Medium,Morning,Scooter,6,3.0,19
12.05,Clear,Low,Evening,Scooter,29,4.0,61
8.25,Windy,Medium,Evening,Car,24,4.0,62
12.85,Rainy,Medium,Afternoon,Scooter,23,0.0,80
15.14,Windy,Medium,Morning,Bike,15,4.0,71
4.59,Foggy,Low,Evening,Scooter,19,8.0,36
12.02,Clear,Low,Afternoon,Bike,26,0.0,63
19.8,Clear,High,Evening,Bike,7,3.0,88
19.27,Foggy,High,Afternoon,Bike,14,6.0,92
4.92,Clear,High,Morning,Scooter,12,0.0,41
1.63,Rainy,Medium,Night,Bike,24,5.0,38
18.04,Clear,Medium,Morning,Bike,8,5.0,71
19.4,Snowy,Medium,Afternoon,Scooter,23,9.0,92
16.4,Clear,High,Morning,Scooter,12,2.0,70
12.01,Clear,Low,Morning,Car,5,7.0,42
18.46,Clear,Medium,Morning,Scooter,29,1.0,153
13.09,Windy,Low,Morning,Scooter,17,1.0,69
1.22,Foggy,High,Afternoon,Scooter,14,2.0,38
10.36,Rainy,Medium,Afternoon,Bike,7,8.0,39
4.31,Rainy,Medium,Afternoon,Bike,9,2.0,35
13.32,Windy,Medium,Afternoon,Bike,26,0.0,71
16.1,Clear,Low,Morning,Car,16,6.0,61
14.11,Rainy,High,Morning,Scooter,24,3.0,93
2.84,Clear,Medium,Night,Scooter,28,1.0,44
16.09,Snowy,Low,Morning,Car,13,6.0,69
16.05,Snowy,Medium,Evening,Bike,11,2.0,89
13.37,Windy,High,Afternoon,Scooter,17,8.0,63
10.16,Snowy,Medium,Night,Bike,10,1.0,67
6.13,Clear,Medium,Night,Scooter,22,0.0,48
4.96,Rainy,Low,Afternoon,Car,10,7.0,28
3.0,Clear,Low,Morning,Scooter,29,1.0,43
2.23,Snowy,Medium,Evening,Car,14,0.0,41
17.96,Clear,Medium,Evening,Scooter,26,0.0,74
7.8,Rainy,Medium,Morning,Bike,11,7.0,49
10.9,Clear,High,Afternoon,Scooter,6,8.0,47
3.17,Clear,Low,Afternoon,Bike,17,1.0,28
9.39,Windy,Medium,Morning,Scooter,21,9.0,50
17.44,Clear,Low,Evening,Bike,25,9.0,89
3.02,Rainy,Medium,Morning,Bike,23,1.0,46
19.99,Rainy,High,Evening,Bike,17,1.0,112
16.22,Rainy,High,Evening,Bike,22,0.0,102
2.74,Clear,High,Afternoon,Bike,18,9.0,37
5.74,Rainy,High,Evening,Bike,13,9.0,46
9.75,Clear,Low,Afternoon,Bike,22,7.0,50
15.62,Rainy,Medium,Afternoon,Scooter,23,7.0,78
16.54,Rainy,Medium,Afternoon,Bike,25,7.0,77
7.84,Rainy,Low,Morning,Scooter,7,8.0,36
17.44,Clear,Low,Night,Car,23,0.0,85
11.08,Windy,High,Afternoon,Bike,16,6.0,70
17.61,Clear,Medium,Evening,Scooter,21,9.0,79
8.28,Snowy,Low,Evening,Car,29,7.0,58
15.32,Clear,Medium,Morning,Bike,17,6.0,80
3.83,Rainy,Low,Evening,Car,27,3.0,49
3.25,Rainy,Medium,Evening,Scooter,29,0.0,51
19.75,Clear,Medium,Morning,Bike,25,1.0,103
15.19,Foggy,Low,Evening,Scooter,6,4.0,53
8.92,Windy,Medium,Morning,Bike,25,4.0,62
18.63,Windy,Low,Afternoon,Bike,11,5.0,85
12.74,Clear,Low,Night,Scooter,18,0.0,67
18.13,Rainy,High,Evening,Bike,21,2.0,88
2.47,Rainy,Low,Afternoon,Car,22,6.0,34
18.15,Windy,Medium,Morning,Bike,11,2.0,89
1.74,Foggy,High,Afternoon,Scooter,8,9.0,28
5.79,Windy,Medium,Morning,Bike,26,6.0,49
5.75,Windy,High,Morning,Scooter,7,4.0,37
17.41,Snowy,Medium,Evening,Bike,20,4.0,80
1.2,Rainy,Low,Morning,Scooter,24,7.0,33
8.07,Windy,Low,Evening,Bike,21,4.0,48
1.88,Clear,Medium,Morning,Scooter,24,7.0,35
0.72,Rainy,Medium,Afternoon,Scooter,9,2.0,23
14.19,Clear,Medium,Afternoon,Bike,9,1.0,57
16.73,Windy,High,Afternoon,Scooter,9,7.0,71
18.53,Rainy,Low,Afternoon,Scooter,8,8.0,57
4.32,Clear,Low,Morning,Bike,21,9.0,34
13.6,Foggy,High,Evening,Bike,9,7.0,61
18.46,Rainy,Low,Morning,Bike,19,9.0,94
7.67,Windy,Low,Morning,Car,9,2.0,31
8.23,Snowy,Low,Evening,Bike,17,3.0,56
13.44,Clear,Low,Night,Bike,29,0.0,63
15.04,Clear,Low,Morning,Car,24,5.0,60
7.48,Clear,Medium,Morning,Car,21,4.0,52
10.11,Rainy,Medium,Afternoon,Scooter,23,2.0,63
10.88,Snowy,Low,Afternoon,Car,13,3.0,52
13.97,Snowy,Low,Evening,Scooter,14,8.0,52
3.48,Foggy,Low,Afternoon,Scooter,9,1.0,31
10.73,Foggy,Low,Morning,Bike,6,6.0,35
5.18,Clear,Medium,Afternoon,Car,9,2.0,30
8.47,Foggy,Medium,Evening,Bike,24,0.0,68
15.64,Rainy,Low,Morning,Bike,20,4.0,141
10.95,Snowy,Medium,Afternoon,Bike,9,1.0,65
19.29,Windy,Medium,Evening,Scooter,7,8.0,84
2.59,Windy,Medium,Morning,Bike,13,5.0,28
3.98,Clear,High,Night,Car,19,3.0,41
6.06,Foggy,Low,Afternoon,Scooter,10,8.0,41
6.72,Foggy,Low,Evening,Bike,8,5.0,31
19.04,Clear,Medium,Morning,Scooter,27,2.0,85
14.28,Windy,High,Afternoon,Scooter,23,5.0,77
16.26,Rainy,High,Morning,Bike,16,6.0,70
4.25,Clear,Low,Afternoon,Bike,5,4.0,22
12.26,Clear,Low,Afternoon,Bike,20,2.0,66
19.81,Clear,Low,Afternoon,Bike,27,1.0,74
18.2,Windy,Medium,Morning,Bike,27,1.0,108
12.85,Rainy,Medium,Morning,Scooter,14,8.0,73
6.91,Clear,Low,Evening,Bike,27,8.0,91
9.64,Clear,Low,Morning,Bike,10,5.0,46
9.64,Rainy,Medium,Evening,Bike,14,6.0,52
2.28,Foggy,Medium,Morning,Scooter,27,6.0,44
15.34,Rainy,Low,Afternoon,Bike,18,6.0,54
3.22,Rainy,Medium,Night,Bike,14,8.0,34
9.71,Clear,Low,Morning,Bike,8,1.0,49
17.18,Clear,Medium,Night,Scooter,13,1.0,62
5.3,Clear,Medium,Afternoon,Scooter,29,3.0,47
10.0,Clear,Medium,Afternoon,Scooter,6,9.0,47
10.75,Rainy,Medium,Morning,Bike,8,6.0,60
9.49,Rainy,Medium,Morning,Car,23,6.0,53
7.24,Clear,Medium,Afternoon,Bike,28,7.0,57
16.09,Rainy,Low,Morning,Bike,21,8.0,66
15.53,Clear,Low,Morning,Bike,26,6.0,83
19.41,Windy,Low,Morning,Bike,11,8.0,62
17.24,Clear,Low,Evening,Bike,17,5.0,69
11.33,Clear,Low,Morning,Bike,25,3.0,60
18.23,Rainy,Low,Afternoon,Scooter,27,9.0,86
1.17,Clear,Medium,Morning,Bike,16,9.0,25
5.33,Clear,Low,Evening,Car,29,1.0,51
4.14,Rainy,Low,Morning,Bike,23,2.0,41
2.02,Clear,High,Evening,Bike,28,5.0,44
14.46,Rainy,Medium,Morning,Scooter,11,9.0,68
3.86,Clear,Medium,Afternoon,Bike,21,8.0,34
12.59,Windy,Medium,Morning,Bike,13,9.0,62
1.11,Clear,High,Morning,Scooter,22,8.0,35
9.11,Clear,Low,Afternoon,Bike,19,6.0,42
18.77,Snowy,Medium,Evening,Bike,24,0.0,115
16.35,Foggy,Medium,Night,Bike,16,6.0,67
6.22,Clear,Low,Afternoon,Bike,16,9.0,29
7.78,Foggy,High,Afternoon,Bike,25,3.0,74
0.88,Rainy,Low,Night,Car,27,2.0,37
16.43,Clear,Low,Evening,Bike,13,5.0,56
8.04,Clear,Medium,Evening,Car,27,0.0,65
18.65,Foggy,Low,Night,Car,19,2.0,68
5.73,Foggy,Low,Morning,Scooter,7,2.0,30
12.42,Rainy,Low,Evening,Bike,28,9.0,79
2.11,Clear,Low,Afternoon,Scooter,28,5.0,34
18.62,Clear,Low,Evening,Scooter,27,6.0,75
17.61,Clear,Medium,Morning,Scooter,19,3.0,80
10.62,Rainy,Medium,Night,Bike,7,2.0,48
18.83,Clear,Medium,Night,Bike,8,0.0,68
14.07,Clear,Medium,Morning,Bike,16,9.0,73
9.29,Clear,Medium,Evening,Bike,10,9.0,40
1.29,Rainy,Low,Evening,Bike,7,7.0,15
4.08,Windy,Medium,Afternoon,Bike,7,0.0,33
19.12,Windy,High,Evening,Car,8,0.0,92
17.93,Clear,Medium,Afternoon,Bike,29,4.0,85
2.33,Clear,Low,Morning,Car,6,1.0,17
3.18,Rainy,Medium,Evening,Bike,21,3.0,42
1.97,Clear,High,Morning,Car,28,7.0,43
6.2,Windy,High,Evening,Scooter,7,3.0,42
1.02,Windy,High,Evening,Bike,6,8.0,21
5.3,Clear,Low,Evening,Bike,16,5.0,32
9.34,Rainy,Low,Evening,Car,10,0.0,40
10.09,Clear,Medium,Evening,Bike,7,0.0,49
15.35,Rainy,High,Night,Scooter,23,9.0,80
17.12,Rainy,Low,Morning,Bike,26,3.0,86
3.94,Snowy,Low,Afternoon,Bike,19,3.0,43
18.02,Clear,Medium,Evening,Car,12,3.0,77
14.41,Snowy,Medium,Evening,Bike,8,8.0,75
11.44,Rainy,Medium,Evening,Car,20,2.0,57
15.23,Foggy,Low,Morning,Car,6,0.0,52
1.95,Clear,Low,Morning,Scooter,16,2.0,23
7.72,Rainy,Medium,Morning,Bike,11,5.0,36
11.78,Clear,Low,Afternoon,Scooter,26,3.0,71
3.4,Windy,Medium,Morning,Bike,11,6.0,30
2.14,Clear,High,Evening,Bike,18,3.0,34
10.04,Rainy,High,Afternoon,Bike,12,9.0,59
14.72,Clear,Medium,Evening,Scooter,15,8.0,80
3.7,Clear,Medium,Morning,Bike,28,7.0,45
19.73,Rainy,Low,Evening,Bike,8,8.0,64
10.83,Clear,Medium,Evening,Scooter,8,9.0,51
16.3,Foggy,Low,Morning,Car,12,1.0,100
5.98,Foggy,High,Morning,Bike,14,6.0,44
5.98,Rainy,High,Morning,Bike,21,2.0,60
4.14,Foggy,Medium,Morning,Bike,21,0.0,46
16.68,Clear,Medium,Afternoon,Bike,9,9.0,63
18.69,Windy,Medium,Night,Bike,23,9.0,74
18.44,Rainy,High,Morning,Bike,27,7.0,80
13.0,Windy,High,Morning,Bike,22,8.0,65
16.45,Clear,Medium,Evening,Scooter,25,3.0,87
16.17,Clear,Medium,Evening,Car,10,2.0,116
17.88,Clear,Medium,Evening,Bike,29,3.0,98
5.23,Clear,Medium,Morning,Scooter,19,4.0,37
4.32,Clear,Medium,Morning,Bike,17,4.0,36
9.09,Rainy,Medium,Morning,Bike,6,7.0,43
12.67,Windy,Medium,Morning,Scooter,7,3.0,43
1.85,Clear,Medium,Evening,Bike,10,1.0,24
7.51,Rainy,Low,Evening,Car,27,6.0,50
6.58,Clear,Low,Afternoon,Bike,13,1.0,34
12.7,Clear,Low,Morning,Scooter,22,2.0,57
7.31,Foggy,Medium,Afternoon,Bike,26,2.0,65
9.2,Clear,High,Morning,Scooter,9,9.0,48
10.22,Foggy,Low,Afternoon,Scooter,21,0.0,61
8.15,Clear,High,Evening,Scooter,12,9.0,43
10.61,Clear,Medium,Morning,Bike,17,0.0,59
7.73,Clear,High,Night,Bike,29,5.0,58
19.66,Clear,Low,Morning,Car,19,6.0,70
14.66,Snowy,High,Morning,Car,5,6.0,71
9.73,Clear,Low,Afternoon,Bike,29,6.0,60
14.52,Clear,Medium,Afternoon,Car,26,5.0,86
5.93,Foggy,High,Morning,Scooter,27,1.0,106
4.94,Rainy,High,Evening,Scooter,28,4.0,63
11.88,Rainy,High,Afternoon,Car,29,9.0,78
19.41,Foggy,Medium,Morning,Car,7,6.0,66
3.68,Clear,High,Afternoon,Car,16,6.0,47
11.06,Clear,High,Evening,Bike,6,9.0,53
10.2,Rainy,Medium,Afternoon,Bike,18,9.0,56
0.74,Rainy,Low,Morning,Car,13,4.0,21
15.21,Snowy,Medium,Afternoon,Bike,20,9.0,90
7.69,Rainy,High,Morning,Scooter,16,3.0,58
11.21,Clear,High,Afternoon,Scooter,23,1.0,76
6.18,Clear,Medium,Evening,Bike,9,9.0,35
2.71,Clear,Medium,Morning,Car,6,5.0,19
3.49,Clear,Medium,Morning,Bike,17,2.0,38
9.29,Clear,Medium,Morning,Bike,17,2.0,49
0.71,Foggy,Low,Night,Bike,29,1.0,41
5.32,Rainy,Low,Afternoon,Scooter,27,2.0,48
4.1,Clear,Medium,Evening,Car,18,3.0,38
13.84,Clear,Low,Morning,Scooter,18,5.0,64
3.9,Rainy,High,Morning,Car,25,9.0,54
18.6,Rainy,Medium,Morning,Car,28,9.0,77
14.88,Snowy,Medium,Evening,Bike,10,0.0,64
3.63,Windy,Medium,Morning,Car,22,9.0,39
3.22,Windy,High,Morning,Car,7,7.0,27
11.51,Foggy,Low,Afternoon,Car,5,7.0,57
19.72,Rainy,Low,Afternoon,Bike,27,6.0,109
11.08,Clear,Low,Evening,Scooter,28,2.0,58
3.95,Clear,Medium,Morning,Car,28,5.0,47
7.29,Clear,High,Evening,Car,11,7.0,48
10.3,Clear,Low,Morning,Car,12,7.0,41
10.73,Rainy,High,Afternoon,Car,27,6.0,83
17.28,Clear,Low,Morning,Car,28,3.0,72
13.37,Foggy,Medium,Evening,Scooter,16,9.0,71
11.36,Clear,Medium,Morning,Scooter,8,2.0,52
7.58,Clear,High,Afternoon,Scooter,19,9.0,57
6.13,Rainy,High,Morning,Bike,25,6.0,59
2.32,Clear,Low,Afternoon,Scooter,23,1.0,32
17.49,Rainy,Low,Evening,Bike,27,9.0,97
1.69,Windy,Medium,Afternoon,Car,11,7.0,20
4.52,Clear,Low,Evening,Car,17,0.0,71
7.15,Windy,Low,Morning,Bike,15,3.0,42
10.86,Windy,Medium,Morning,Car,10,4.0,60
15.88,Rainy,Low,Evening,Car,17,1.0,68
9.7,Snowy,Low,Evening,Bike,6,5.0,45
14.95,Clear,Medium,Morning,Bike,13,7.0,49
11.36,Foggy,Low,Afternoon,Bike,6,4.0,47
12.14,Foggy,High,Afternoon,Bike,12,0.0,65
16.31,Foggy,Medium,Afternoon,Car,14,7.0,71
14.7,Clear,Medium,Evening,Scooter,24,5.0,75
13.42,Rainy,Medium,Evening,Bike,6,6.0,105
7.9,Clear,Low,Afternoon,Scooter,22,5.0,48
15.35,Foggy,Low,Morning,Car,5,3.0,56
15.12,Foggy,Low,Morning,Bike,14,1.0,58
0.82,Windy,Low,Morning,Car,18,9.0,23
6.43,Clear,Low,Evening,Car,9,7.0,26
8.66,Snowy,High,Morning,Bike,29,3.0,77
11.16,Foggy,Medium,Afternoon,Car,21,4.0,77
18.77,Foggy,Low,Afternoon,Car,15,5.0,71
5.84,Clear,Medium,Evening,Bike,21,7.0,35
1.01,Clear,High,Night,Bike,17,7.0,29
3.92,Rainy,Medium,Night,Bike,20,9.0,41
12.77,Foggy,Low,Morning,Bike,22,8.0,71
2.33,Clear,Low,Evening,Bike,9,2.0,18
2.92,Windy,High,Afternoon,Bike,24,4.0,48
13.35,Rainy,Low,Evening,Scooter,14,4.0,91
5.26,Rainy,Medium,Evening,Scooter,28,8.0,51
4.39,Foggy,Medium,Night,Bike,12,8.0,38
8.67,Windy,High,Morning,Bike,20,4.0,55
16.53,Snowy,Low,Afternoon,Scooter,24,9.0,99
13.47,Clear,Medium,Evening,Bike,19,4.0,59
18.86,Snowy,Medium,Night,Bike,18,1.0,89
12.81,Clear,Low,Morning,Bike,12,2.0,51
2.4,Snowy,Low,Night,Scooter,27,5.0,42
7.44,Rainy,Medium,Evening,Bike,6,1.0,39
1.89,Clear,Medium,Evening,Scooter,13,7.0,22
19.28,Snowy,Medium,Morning,Car,21,3.0,101
6.29,Clear,Medium,Morning,Scooter,10,7.0,27
1.81,Clear,Medium,Afternoon,Car,23,3.0,34
1.74,Clear,Medium,Night,Bike,23,2.0,34
13.44,Clear,Medium,Morning,Car,22,1.0,79
7.11,Clear,Low,Afternoon,Scooter,27,5.0,48
4.5,Windy,Low,Evening,Scooter,20,6.0,32
8.31,Windy,Medium,Morning,Bike,6,5.0,44
16.37,Clear,High,Morning,Bike,26,7.0,97
9.78,Clear,Medium,Afternoon,Bike,18,3.0,58
4.88,Windy,Medium,Afternoon,Scooter,26,7.0,48
5.54,Rainy,Medium,Morning,Scooter,28,9.0,51
11.54,Clear,High,Afternoon,Car,10,0.0,56
12.85,Clear,Low,Afternoon,Scooter,5,5.0,54
5.56,Clear,Low,Afternoon,Scooter,19,5.0,31
3.33,Clear,Medium,Evening,Scooter,24,2.0,44
3.47,Snowy,High,Night,Bike,24,9.0,53
12.01,Clear,Low,Morning,Scooter,26,6.0,57
15.98,Foggy,Low,Morning,Car,21,6.0,90
3.64,Clear,Low,Morning,Scooter,16,3.0,26
19.47,Clear,Low,Morning,Bike,16,8.0,83
15.51,Rainy,Medium,Morning,Scooter,10,8.0,81
10.42,Windy,Medium,Afternoon,Bike,28,3.0,72
15.9,Rainy,Low,Evening,Car,19,5.0,78
15.17,Windy,Low,Morning,Bike,25,4.0,77
2.78,Rainy,Low,Morning,Bike,21,4.0,37
1.98,Rainy,Low,Afternoon,Bike,22,0.0,39
14.03,Clear,Low,Afternoon,Bike,17,2.0,65
2.06,Foggy,Medium,Evening,Scooter,22,4.0,40
11.02,Clear,High,Morning,Scooter,22,2.0,70
17.95,Snowy,High,Morning,Scooter,16,5.0,96
5.17,Foggy,Low,Morning,Bike,29,0.0,56
16.62,Snowy,Low,Afternoon,Bike,26,8.0,94
0.71,Rainy,Low,Morning,Car,25,8.0,31
13.44,Clear,Medium,Evening,Scooter,9,5.0,55
13.1,Clear,Low,Evening,Bike,28,2.0,72
19.24,Rainy,High,Afternoon,Bike,9,7.0,75
5.35,Clear,Medium,Afternoon,Scooter,24,6.0,43
12.22,Clear,Low,Evening,Scooter,15,0.0,56
18.55,Clear,Low,Afternoon,Car,11,9.0,69
6.44,Clear,Low,Afternoon,Car,18,2.0,43
8.77,Foggy,Medium,Evening,Car,14,7.0,49
10.97,Clear,Low,Afternoon,Scooter,27,3.0,51
6.68,Clear,High,Morning,Scooter,10,5.0,44
12.93,Rainy,Low,Afternoon,Scooter,25,0.0,61
7.99,Clear,Medium,Evening,Bike,18,4.0,42
15.78,Clear,High,Afternoon,Scooter,12,1.0,68
9.95,Windy,High,Evening,Scooter,21,5.0,72
13.47,Rainy,Low,Afternoon,Scooter,7,6.0,46
17.19,Clear,Medium,Afternoon,Bike,11,8.0,76
3.23,Clear,High,Afternoon,Bike,17,9.0,33
1.27,Foggy,High,Afternoon,Bike,25,9.0,46
4.71,Clear,Low,Morning,Bike,20,6.0,31
12.82,Rainy,Medium,Evening,Bike,28,9.0,72
18.21,Clear,Low,Evening,Bike,6,3.0,74
9.51,Clear,High,Morning,Bike,26,9.0,63
0.89,Rainy,Low,Morning,Car,9,0.0,20
5.24,Windy,High,Afternoon,Scooter,26,8.0,51
10.64,Windy,Low,Evening,Car,11,9.0,36
13.23,Clear,Medium,Night,Bike,20,8.0,70
19.03,Clear,Medium,Morning,Scooter,8,8.0,65
10.3,Rainy,Low,Evening,Bike,29,0.0,73
12.39,Snowy,Medium,Evening,Bike,14,8.0,56
18.8,Clear,High,Afternoon,Bike,23,7.0,95
16.78,Rainy,Medium,Morning,Bike,22,1.0,70
7.85,Clear,Low,Afternoon,Scooter,7,9.0,34
11.63,Clear,Medium,Night,Scooter,29,7.0,57
7.8,Windy,Medium,Afternoon,Car,17,6.0,44
11.88,Rainy,Medium,Afternoon,Bike,5,1.0,63
14.89,Clear,High,Evening,Car,22,9.0,88
16.44,Rainy,High,Afternoon,Bike,12,5.0,86
2.65,Clear,Medium,Afternoon,Car,14,4.0,35
18.01,Foggy,High,Night,Bike,14,2.0,71
10.32,Clear,Medium,Night,Car,24,5.0,49
6.37,Rainy,Low,Afternoon,Car,29,4.0,56
3.74,Rainy,Low,Morning,Bike,19,6.0,36
17.99,Windy,High,Evening,Bike,5,1.0,73
13.96,Rainy,Low,Night,Bike,5,1.0,42
16.02,Clear,Low,Evening,Bike,20,7.0,61
7.52,Clear,Medium,Afternoon,Car,17,9.0,44
2.51,Clear,Low,Morning,Bike,16,2.0,28
6.7,Foggy,High,Morning,Scooter,23,3.0,59
17.61,Windy,Low,Morning,Bike,5,8.0,61
3.65,Clear,Medium,Morning,Bike,29,9.0,46
14.27,Clear,Medium,Night,Car,24,3.0,77
8.85,Clear,Low,Afternoon,Bike,11,9.0,45
9.24,Windy,Medium,Afternoon,Bike,8,2.0,49
19.7,Rainy,Low,Evening,Car,16,6.0,66
11.61,Clear,High,Morning,Car,19,1.0,67
16.44,Windy,High,Afternoon,Car,8,0.0,80
8.67,Rainy,High,Afternoon,Bike,12,7.0,104
5.14,Clear,Medium,Evening,Scooter,23,7.0,43
10.46,Clear,Medium,Evening,Bike,25,3.0,68
5.23,Clear,Medium,Morning,Scooter,23,2.0,47
10.35,Clear,Medium,Night,Bike,7,9.0,48
4.04,Rainy,High,Evening,Bike,14,6.0,39
2.66,Clear,Low,Afternoon,Bike,16,8.0,21
17.61,Foggy,Medium,Afternoon,Bike,9,5.0,74
8.48,Clear,High,Night,Bike,11,5.0,39
17.06,Clear,Low,Evening,Bike,9,9.0,66
6.78,Foggy,Low,Night,Bike,18,6.0,42
9.0,Snowy,Medium,Afternoon,Car,29,3.0,78
12.74,Clear,Low,Afternoon,Scooter,12,0.0,63
18.72,Rainy,Medium,Afternoon,Bike,17,0.0,89
3.23,Clear,Low,Morning,Bike,7,7.0,14
12.56,Clear,Low,Morning,Car,22,8.0,49
1.0,Snowy,Medium,Morning,Bike,28,0.0,51
3.46,Clear,Low,Morning,Bike,24,6.0,37
6.0,Snowy,Low,Morning,Car,20,8.0,53
14.79,Clear,Medium,Morning,Scooter,12,9.0,64
14.65,Snowy,High,Morning,Car,19,3.0,95
14.2,Clear,Medium,Afternoon,Bike,17,1.0,73
7.04,Clear,Low,Afternoon,Bike,11,8.0,38
19.74,Clear,Medium,Afternoon,Car,16,1.0,98
11.88,Rainy,Medium,Evening,Bike,20,8.0,69
18.63,Clear,Low,Evening,Bike,26,8.0,75
8.8,Rainy,Medium,Afternoon,Bike,6,2.0,38
11.75,Clear,High,Morning,Bike,9,2.0,55
18.95,Snowy,Low,Morning,Car,27,0.0,92
7.6,Foggy,Low,Morning,Bike,16,4.0,48
17.99,Foggy,Low,Morning,Car,11,2.0,84
13.82,Clear,Medium,Evening,Bike,21,9.0,72
15.53,Foggy,Low,Evening,Bike,26,7.0,68
3.97,Clear,High,Afternoon,Bike,19,8.0,40
10.1,Clear,High,Morning,Car,17,6.0,55
18.21,Foggy,Low,Morning,Bike,5,1.0,70
2.68,Clear,Low,Morning,Bike,16,8.0,25
3.88,Snowy,Low,Morning,Bike,9,6.0,33
15.89,Snowy,Medium,Afternoon,Car,15,9.0,91
6.73,Clear,Medium,Afternoon,Bike,21,1.0,54
0.75,Clear,Medium,Afternoon,Bike,10,5.0,16
13.79,Rainy,Low,Night,Scooter,11,0.0,69
18.83,Clear,Medium,Evening,Scooter,5,8.0,69
11.62,Clear,Low,Afternoon,Bike,9,8.0,33
5.03,Clear,Medium,Morning,Bike,17,5.0,38
15.08,Rainy,Medium,Evening,Scooter,26,1.0,94
10.48,Rainy,Low,Afternoon,Car,10,7.0,45
7.82,Rainy,Medium,Evening,Bike,16,8.0,45
16.98,Clear,Low,Morning,Bike,11,6.0,78
14.83,Rainy,Low,Morning,Car,19,4.0,126
5.67,Clear,Low,Morning,Scooter,11,9.0,27
18.33,Snowy,Medium,Morning,Scooter,5,5.0,67
17.46,Clear,Medium,Morning,Scooter,6,5.0,62
1.34,Foggy,High,Evening,Bike,9,5.0,30
1.38,Clear,Low,Morning,Scooter,13,9.0,17
3.67,Clear,Low,Morning,Bike,9,0.0,26
7.86,Windy,Medium,Morning,Car,22,2.0,55
8.98,Clear,Medium,Afternoon,Scooter,22,8.0,105
12.85,Rainy,Medium,Evening,Scooter,6,7.0,61
17.91,Clear,Low,Afternoon,Bike,6,7.0,68
15.09,Snowy,Low,Morning,Car,20,7.0,68
4.22,Clear,Medium,Morning,Bike,16,7.0,35
12.33,Clear,High,Night,Bike,7,2.0,101
17.87,Snowy,Low,Morning,Scooter,29,4.0,87
2.16,Clear,Medium,Night,Car,10,1.0,23
3.11,Rainy,Medium,Morning,Scooter,21,1.0,43
1.42,Clear,High,Afternoon,Scooter,24,2.0,40
18.57,Rainy,Medium,Afternoon,Bike,16,7.0,89
17.51,Clear,Medium,Evening,Bike,15,3.0,60
6.84,Clear,Medium,Evening,Bike,25,1.0,51
18.34,Snowy,Medium,Afternoon,Scooter,22,5.0,91
3.51,Windy,Medium,Night,Bike,22,2.0,44
14.7,Clear,Medium,Morning,Scooter,6,2.0,58
16.85,Clear,High,Morning,Car,17,4.0,71
16.26,Rainy,Low,Morning,Car,27,5.0,66
19.1,Snowy,Medium,Morning,Bike,25,6.0,90
13.71,Rainy,Medium,Evening,Bike,22,9.0,64
8.92,Clear,Medium,Morning,Bike,10,1.0,51
14.58,Clear,Low,Evening,Bike,23,0.0,70
9.71,Clear,Low,Afternoon,Car,27,5.0,61
19.94,Clear,Low,Afternoon,Bike,26,6.0,83
4.53,Snowy,Medium,Morning,Scooter,18,4.0,49
10.7,Clear,High,Afternoon,Car,8,4.0,57
10.13,Clear,Medium,Evening,Bike,22,0.0,65
0.78,Clear,Low,Afternoon,Bike,11,0.0,18
18.84,Foggy,Medium,Afternoon,Scooter,25,8.0,88
15.08,Snowy,Low,Evening,Bike,29,7.0,84
17.32,Clear,Low,Evening,Scooter,10,3.0,77
6.81,Clear,Medium,Evening,Bike,23,2.0,47
2.79,Clear,High,Morning,Bike,23,7.0,38
11.44,Foggy,High,Afternoon,Car,14,4.0,74
2.44,Snowy,High,Evening,Bike,13,9.0,39
2.48,Rainy,Low,Evening,Scooter,20,8.0,30
7.75,Clear,Medium,Evening,Scooter,21,1.0,55
0.85,Clear,Medium,Morning,Bike,9,8.0,17
8.87,Clear,Low,Evening,Bike,19,3.0,55
15.37,Snowy,Medium,Afternoon,Car,15,5.0,66
10.29,Foggy,Medium,Evening,Scooter,25,4.0,67
15.06,Rainy,Low,Morning,Bike,22,4.0,65
3.54,Foggy,Low,Morning,Bike,23,7.0,37
7.17,Clear,Medium,Morning,Scooter,7,9.0,29
4.62,Rainy,Medium,Afternoon,Car,8,3.0,33
5.53,Clear,Low,Morning,Car,10,8.0,27
12.74,Rainy,Low,Afternoon,Bike,17,9.0,63
9.06,Clear,High,Evening,Bike,26,3.0,61
2.71,Foggy,Low,Morning,Bike,6,0.0,28
16.92,Clear,Low,Night,Bike,23,5.0,78
13.54,Foggy,Low,Morning,Bike,11,1.0,54
1.0,Snowy,Medium,Morning,Bike,25,4.0,44
8.77,Clear,Medium,Morning,Car,12,2.0,42
16.01,Windy,Low,Morning,Car,28,0.0,84
12.63,Foggy,Medium,Night,Scooter,8,8.0,49
8.09,Foggy,Low,Evening,Car,22,2.0,56
6.54,Clear,Medium,Night,Bike,10,7.0,39
10.64,Clear,Medium,Afternoon,Scooter,14,5.0,45
1.77,Clear,Medium,Evening,Bike,14,9.0,22
13.0,Foggy,Low,Evening,Bike,25,7.0,77
12.83,Clear,Low,Evening,Bike,5,8.0,50
13.02,Snowy,High,Afternoon,Car,6,9.0,65
18.89,Rainy,Medium,Morning,Scooter,22,1.0,74
10.53,Foggy,High,Evening,Bike,25,8.0,72
5.01,Rainy,Low,Afternoon,Bike,10,5.0,31
16.0,Foggy,Medium,Afternoon,Scooter,13,3.0,65
17.86,Clear,Low,Afternoon,Scooter,16,8.0,83
2.99,Foggy,High,Afternoon,Bike,9,5.0,90
16.38,Clear,Medium,Morning,Bike,6,2.0,51
6.09,Clear,Medium,Night,Bike,7,4.0,27
13.61,Clear,Low,Morning,Bike,26,0.0,66
8.5,Snowy,High,Evening,Bike,14,7.0,56
8.55,Clear,Low,Evening,Scooter,28,8.0,46
4.05,Clear,Medium,Afternoon,Scooter,21,5.0,39
19.5,Clear,High,Morning,Bike,18,2.0,73
7.59,Clear,Medium,Afternoon,Scooter,16,3.0,37
16.66,Snowy,High,Afternoon,Scooter,29,7.0,95
19.41,Snowy,High,Evening,Car,21,3.0,100
13.74,Foggy,Medium,Afternoon,Bike,6,1.0,56
0.64,Clear,High,Night,Bike,10,3.0,24
12.1,Clear,High,Afternoon,Bike,11,0.0,53
12.09,Clear,Medium,Morning,Car,13,1.0,60
11.82,Windy,Medium,Night,Bike,24,7.0,77
5.28,Foggy,Low,Morning,Bike,27,6.0,53
5.98,Clear,Low,Evening,Car,22,9.0,35
2.93,Clear,Medium,Morning,Bike,24,8.0,94
4.05,Snowy,Medium,Evening,Scooter,19,2.0,50
13.61,Clear,Low,Morning,Scooter,12,2.0,43
2.88,Rainy,Medium,Morning,Car,16,4.0,41
5.91,Clear,Medium,Evening,Scooter,29,4.0,57
6.0,Rainy,Medium,Evening,Scooter,21,2.0,47
11.33,Clear,Medium,Afternoon,Scooter,29,7.0,77
15.01,Clear,Medium,Morning,Bike,15,6.0,64
6.85,Clear,High,Morning,Bike,16,5.0,48
11.93,Snowy,High,Morning,Car,7,1.0,75
18.82,Windy,Low,Morning,Car,5,3.0,77
1.03,Clear,Medium,Afternoon,Bike,19,4.0,29
14.22,Rainy,Medium,Evening,Car,25,8.0,84
18.18,Snowy,High,Morning,Bike,17,3.0,85
14.75,Clear,Low,Morning,Car,10,7.0,62
11.7,Rainy,Low,Afternoon,Bike,17,5.0,60
10.68,Clear,Low,Morning,Bike,14,1.0,42
1.51,Clear,High,Evening,Bike,26,1.0,44
8.01,Clear,High,Morning,Bike,8,6.0,48
3.23,Rainy,Low,Morning,Car,25,7.0,42
13.16,Rainy,High,Morning,Scooter,25,8.0,68
10.11,Windy,Low,Morning,Bike,11,4.0,44
18.39,Windy,Low,Afternoon,Bike,24,6.0,74
10.62,Windy,Medium,Afternoon,Car,22,5.0,54
10.73,Clear,Medium,Afternoon,Bike,7,5.0,57
6.23,Clear,Medium,Evening,Car,20,1.0,51
2.14,Clear,Low,Afternoon,Bike,25,1.0,36
12.83,Clear,Medium,Morning,Bike,19,2.0,76
8.37,Clear,High,Evening,Scooter,13,7.0,42
3.69,Rainy,Medium,Afternoon,Bike,8,8.0,27
18.1,Clear,Low,Morning,Scooter,8,5.0,77
7.06,Clear,Low,Afternoon,Scooter,26,5.0,51
1.94,Foggy,Low,Night,Bike,10,1.0,25
0.59,Clear,Low,Afternoon,Bike,21,0.0,27
17.01,Snowy,Low,Night,Bike,28,6.0,97
5.36,Clear,Low,Afternoon,Scooter,11,4.0,30
12.0,Clear,Low,Evening,Car,25,0.0,75
16.23,Clear,Medium,Evening,Bike,6,0.0,54
19.04,Rainy,Low,Evening,Car,12,6.0,60
18.33,Foggy,Medium,Morning,Scooter,19,0.0,98
2.58,Clear,Medium,Morning,Scooter,25,7.0,37
4.65,Clear,Medium,Evening,Bike,21,1.0,46
17.33,Snowy,Low,Evening,Scooter,12,3.0,79
0.68,Snowy,High,Evening,Bike,29,8.0,50
19.33,Clear,Medium,Morning,Bike,7,8.0,73
3.42,Clear,Medium,Night,Car,11,9.0,24
19.02,Rainy,High,Evening,Scooter,22,1.0,106
17.81,Windy,High,Evening,Bike,21,4.0,122
2.67,Clear,Medium,Night,Car,17,6.0,28
19.24,Snowy,Low,Morning,Bike,26,1.0,114
14.41,Rainy,Medium,Night,Bike,16,6.0,85
2.41,Clear,Medium,Evening,Bike,15,9.0,25
17.98,Clear,Low,Evening,Bike,5,8.0,45
7.34,Foggy,Medium,Afternoon,Bike,22,5.0,93
12.51,Clear,Medium,Evening,Bike,18,5.0,62
4.97,Rainy,Low,Evening,Bike,17,9.0,34
19.1,Snowy,Low,Afternoon,Bike,18,1.0,101
4.64,Clear,Low,Afternoon,Bike,15,9.0,24
14.07,Rainy,Low,Evening,Bike,10,5.0,63
3.79,Clear,Medium,Morning,Bike,13,2.0,34
3.96,Clear,Medium,Afternoon,Bike,23,5.0,44
18.31,Clear,Medium,Afternoon,Bike,25,3.0,79
6.76,Foggy,Medium,Night,Bike,7,6.0,42
0.76,Clear,Low,Afternoon,Car,26,9.0,28
5.81,Rainy,Medium,Evening,Bike,14,8.0,41
12.08,Clear,High,Afternoon,Scooter,16,4.0,60
1.57,Rainy,Low,Evening,Car,16,1.0,30
11.89,Clear,Medium,Afternoon,Bike,28,0.0,79
7.02,Clear,Medium,Evening,Car,23,2.0,53
13.85,Clear,Low,Evening,Bike,29,5.0,71
9.32,Rainy,Medium,Evening,Scooter,24,2.0,71
7.72,Foggy,High,Evening,Bike,19,4.0,64
8.15,Rainy,Low,Afternoon,Bike,26,2.0,50
3.54,Rainy,Medium,Afternoon,Scooter,17,4.0,41
3.16,Snowy,Low,Morning,Car,9,5.0,27
11.65,Windy,Low,Night,Bike,10,3.0,53
5.22,Snowy,Medium,Morning,Scooter,14,3.0,43
5.41,Clear,High,Morning,Scooter,17,6.0,38
9.88,Rainy,Medium,Morning,Car,7,0.0,43
19.86,Rainy,High,Evening,Bike,12,8.0,71
5.53,Windy,High,Morning,Bike,23,4.0,59
12.46,Foggy,Low,Afternoon,Bike,10,1.0,62
1.38,Clear,Medium,Morning,Car,6,3.0,17
10.79,Clear,Medium,Evening,Scooter,24,1.0,65
14.23,Clear,Medium,Afternoon,Scooter,23,7.0,70
1.21,Snowy,Low,Afternoon,Bike,22,1.0,39
11.1,Clear,Low,Afternoon,Bike,18,7.0,56
17.1,Clear,Medium,Evening,Bike,25,5.0,65
3.22,Clear,Medium,Afternoon,Bike,19,9.0,32
19.27,Foggy,Medium,Morning,Car,29,9.0,85
2.82,Rainy,Medium,Evening,Scooter,10,1.0,29
7.67,Foggy,Medium,Afternoon,Scooter,22,8.0,59
16.07,Clear,Medium,Evening,Bike,16,5.0,64
7.97,Windy,Medium,Evening,Scooter,9,8.0,35
18.0,Rainy,High,Night,Car,22,5.0,98
16.17,Clear,Medium,Evening,Scooter,12,2.0,78
14.86,Clear,High,Night,Scooter,15,4.0,91
11.68,Clear,Medium,Afternoon,Scooter,25,7.0,70
12.59,Clear,Low,Evening,Scooter,10,2.0,39
8.96,Snowy,Medium,Morning,Car,6,5.0,51
16.51,Clear,Medium,Morning,Bike,7,1.0,79
16.01,Clear,Low,Afternoon,Car,12,4.0,72
19.74,Rainy,High,Afternoon,Scooter,11,7.0,81
8.64,Snowy,Low,Evening,Bike,29,4.0,62
5.13,Clear,Medium,Morning,Car,16,1.0,38
5.78,Clear,High,Morning,Bike,11,5.0,38
2.6,Clear,Low,Afternoon,Bike,16,1.0,29
2.34,Foggy,Medium,Morning,Bike,8,2.0,28
12.93,Clear,Medium,Morning,Scooter,20,8.0,58
1.6,Clear,Medium,Evening,Bike,14,8.0,24
7.44,Rainy,Low,Evening,Bike,27,5.0,53
14.39,Rainy,Medium,Morning,Scooter,6,5.0,50
6.07,Clear,Low,Afternoon,Bike,18,4.0,35
17.97,Windy,Medium,Morning,Scooter,28,7.0,92
17.53,Clear,Low,Afternoon,Bike,14,6.0,79
12.43,Rainy,High,Morning,Bike,13,6.0,70
10.89,Windy,Medium,Evening,Bike,7,0.0,58
4.37,Clear,Medium,Evening,Scooter,6,7.0,25
8.5,Clear,High,Evening,Car,13,3.0,54
16.28,Rainy,Low,Morning,Scooter,8,9.0,71
15.62,Snowy,High,Evening,Scooter,26,2.0,81
14.17,Clear,Low,Afternoon,Bike,8,0.0,55
6.63,Foggy,Low,Night,Scooter,24,3.0,58
